7,0,0,0,2,0,0,0,0
8,1,1,0,3,0,0,0,0
9,0,2,0,0,0,0,0,0
10,0,0,0,0,0,0,1,0
11,6,0,0,0,0,0,1,0
14,4,6,0,1,4,3,1,3
15,1,0,0,0,0,0,0,0
16,1,0,0,0,0,0,0,0
17,1,0,0,0,0,0,0,0
18,1,0,0,0,0,0,0,0
19,4,0,0,0,0,0,0,0
20,37,2,0,0,20,0,6,1
22,0,2,1,3,0,0,0,0
23,0,0,1,0,0,0,0,0
27,1,0,0,0,0,0,0,0
28,1,1,0,5,0,2,0,0
29,6,2,2,8,4,2,0,1
30,1,0,0,0,0,0,0,0
33,0,2,2,0,0,1,0,0
34,1,3,1,2,0,0,0,0
35,1,5,1,0,1,0,0,0
36,6,10,7,6,0,0,0,0
37,0,0,0,0,1,0,0,0
38,0,0,0,0,1,0,0,0
39,0,0,0,0,1,0,0,0
40,4,5,5,1,3,12,2,2
41,0,0,0,0,2,1,0,0
42,1,2,1,0,0,4,1,0
43,6,14,5,8,7,28,14,0
44,0,1,0,2,0,0,1,0
45,0,4,0,2,1,1,1,0
46,0,1,0,0,0,0,0,0
47,2,3,0,1,6,1,1,0
48,6,3,2,0,1,0,0,0
49,5,2,0,2,2,7,1,1
50,0,0,0,0,2,5,4,0
51,0,0,0,0,1,0,0,0
52,0,0,1,0,1,2,0,0
53,0,0,0,0,2,2,0,0
54,0,1,1,0,1,5,1,0
55,1,1,1,0,0,3,0,0
56,5,2,1,0,2,3,2,0
59,0,1,0,0,0,0,0,0
60,0,1,0,0,1,0,0,0
61,0,1,0,0,0,0,0,0
62,0,1,0,0,1,0,0,0
66,0,1,0,0,0,0,0,0
68,3,6,6,2,4,8,6,1
69,14,15,1,0,1,6,2,0
70,0,0,0,0,0,0,1,0
71,0,1,0,1,0,3,2,0
73,1,0,0,0,0,1,0,0
75,0,0,0,0,1,0,0,0
78,4,5,1,6,1,0,0,0
79,1,1,0,0,1,0,0,0
80,0,0,0,0,0,0,0,1
81,0,0,1,0,7,0,0,9
82,0,0,0,0,2,0,1,13
85,0,0,1,0,0,0,0,0
86,1,0,1,0,1,16,12,1
87,0,0,1,0,0,0,1,0
88,0,0,1,0,0,0,0,0
89,1,1,5,1,14,5,2,1
91,2,1,0,0,0,0,1,0
98,0,4,1,0,1,2,1,2
99,0,0,0,0,1,0,0,0
104,0,0,0,0,0,1,0,0
105,0,0,0,0,0,5,5,0
106,0,0,0,0,0,2,4,0
107,1,0,0,0,0,5,5,1
108,1,0,0,0,1,14,3,2
109,20,11,4,6,4,8,9,0
110,0,0,0,0,0,2,6,0
111,3,0,0,0,0,0,0,0
113,0,0,0,0,0,0,2,0
115,1,0,0,0,0,0,0,0
116,5,2,0,7,0,0,0,0
117,1,0,0,0,0,0,0,0
118,0,0,0,0,0,1,1,0
119,0,0,0,0,0,1,0,0
120,54,61,9,11,4,5,3,0
121,0,0,0,0,0,1,0,0
125,6,7,0,0,0,0,0,0
127,1,0,0,0,14,3,10,30
128,0,0,0,0,1,0,0,3
129,0,0,2,1,0,1,3,0
135,0,0,0,0,13,1,0,0
136,0,0,0,0,3,2,1,2
143,10,9,8,5,2,0,0,1
144,1,6,2,2,0,0,0,0
145,1,2,1,2,0,0,0,0
149,0,0,0,0,0,5,5,0
150,0,0,0,0,0,0,1,0
151,0,3,6,0,5,0,1,2
152,0,2,2,0,5,0,0,2
153,2,1,0,8,0,0,2,0
154,1,0,0,0,0,0,1,0
155,0,0,0,1,0,0,0,0
160,1,1,0,0,0,0,0,0
161,8,8,3,0,0,0,0,0
164,1,0,0,0,0,0,0,0
165,1,0,3,0,6,14,7,6
166,0,0,0,0,2,0,0,0
167,0,0,0,0,1,0,0,0
168,0,1,0,0,1,0,0,0
171,0,1,0,0,0,0,2,0
173,0,0,0,0,0,3,3,0
174,0,0,0,0,0,1,7,0
177,0,0,0,0,0,6,8,0
179,0,0,0,0,0,1,1,0
180,0,0,0,0,0,4,2,2
182,14,2,0,0,0,0,1,1
183,0,1,2,1,0,0,0,0
184,1,1,0,0,0,0,0,0
185,6,2,5,1,0,0,0,0
186,3,2,4,1,0,0,0,0
187,0,1,0,0,0,0,0,0
190,0,1,0,0,0,0,0,0
195,2,0,1,0,8,1,1,1
198,0,1,12,0,7,0,1,0
199,0,0,1,0,2,0,0,0
200,3,1,0,1,0,0,0,0
201,3,0,0,1,0,0,0,0
204,0,1,4,0,2,0,1,0
205,2,1,12,3,2,5,10,1
206,1,2,0,1,0,6,3,0
207,0,0,0,1,0,3,0,0
212,1,0,0,0,0,0,0,0
213,3,0,0,0,0,1,0,0
214,0,0,0,0,2,8,8,0
215,0,0,0,0,0,0,1,0
216,0,0,0,0,0,0,1,2
217,0,1,0,4,0,1,0,0
218,0,0,0,1,0,0,0,0
219,0,0,0,1,0,0,0,0
220,0,5,2,5,0,2,2,0
221,1,7,3,3,0,0,1,0
224,4,1,1,0,0,0,0,0
225,1,1,2,0,0,0,0,0
226,11,9,8,1,1,0,0,0
236,0,0,0,0,0,0,0,1
238,2,0,0,0,0,0,0,0
247,3,0,3,0,1,2,2,5
255,2,0,0,0,0,2,1,0
256,0,0,0,0,0,1,2,0
260,1,0,0,0,1,0,0,0
261,2,1,0,0,0,0,0,0
262,1,0,0,0,0,1,0,0
263,52,18,12,24,1,1,0,0
267,4,0,0,0,0,1,2,0
269,0,1,0,0,1,1,0,0
270,0,0,0,0,1,0,0,0
271,0,0,0,0,3,0,0,0
273,1,0,0,0,0,1,0,0
274,3,0,1,0,1,0,0,0
276,0,1,0,0,0,0,0,0
277,2,1,0,1,0,3,2,0
280,0,1,0,0,0,0,0,0
281,0,1,0,0,0,0,0,0
282,0,1,0,0,0,0,0,0
286,3,3,0,0,0,0,0,0
287,0,0,0,0,0,2,0,0
289,0,0,0,1,0,0,1,0
290,1,3,2,6,0,1,2,0
291,0,2,0,1,0,0,0,0
292,0,0,0,0,1,0,0,1
293,0,0,0,1,1,0,0,0
296,1,0,0,0,2,0,0,0
297,0,0,0,0,3,1,0,1
301,1,0,0,0,0,0,0,0
302,0,1,0,0,0,0,0,0
303,2,3,0,0,0,0,0,0
304,5,1,0,0,0,0,0,0
305,2,8,3,0,0,0,0,0
307,2,1,3,0,35,1,0,13
308,1,0,0,0,1,0,0,0
309,2,0,0,0,0,0,0,0
312,0,0,0,0,3,1,0,1
313,0,0,0,0,6,1,3,6
314,1,0,1,0,6,0,0,2
315,0,0,0,0,2,0,0,1
316,1,1,0,3,0,1,0,0
317,5,6,3,5,3,7,1,0
318,0,0,0,0,0,3,7,0
319,0,0,0,0,0,4,7,0
320,0,0,0,0,0,1,0,0
321,0,0,0,0,0,2,1,0
322,0,0,0,0,0,3,2,1
328,0,0,0,0,0,2,0,1
329,0,0,0,0,0,14,11,16
330,3,0,0,0,0,1,0,0
331,1,0,0,0,1,0,0,0
332,3,0,8,0,4,1,4,0
333,0,0,0,0,0,7,7,4
336,1,0,0,0,1,3,1,0
337,4,0,0,0,12,7,6,0
338,3,1,3,0,4,1,0,1
343,0,0,0,0,0,11,11,1
344,0,0,0,0,0,0,2,0
346,0,0,0,0,0,17,15,1
347,0,0,0,4,0,0,0,0
350,1,0,0,0,0,0,0,0
353,0,0,0,1,0,0,0,0
354,0,0,0,1,0,0,3,1
363,0,0,0,0,0,17,12,22
365,0,1,0,0,0,0,1,0
366,0,0,0,0,0,6,4,0
367,0,0,0,1,0,8,6,0
368,0,0,0,0,0,3,2,0
370,2,0,0,0,0,3,0,0
371,0,0,0,0,0,1,0,0
372,0,0,0,0,0,3,1,0
373,0,0,0,0,0,13,9,0
374,0,0,0,0,0,1,0,0
375,0,0,0,0,0,1,2,0
376,0,0,0,0,0,1,0,0
377,0,0,0,0,0,1,2,0
378,0,0,0,0,0,4,1,0
379,7,3,0,0,0,0,0,0
380,5,1,0,0,1,1,1,0
381,0,2,2,3,0,1,1,0
382,21,24,0,5,0,0,2,0
383,1,3,0,0,0,0,0,0
384,1,4,3,4,0,2,4,0
386,0,0,0,4,0,0,0,0
388,0,0,0,3,0,0,0,0
389,0,0,0,0,0,8,9,0
390,0,0,0,0,0,23,22,3
391,0,0,0,0,0,1,1,1
392,0,0,0,0,0,17,8,21
394,4,0,0,1,0,0,0,0
399,0,0,0,0,8,0,1,7
400,1,0,0,0,2,1,0,2
401,1,3,8,1,0,0,0,0
402,0,0,0,0,0,1,6,9
403,0,0,0,0,1,3,16,19
405,1,0,1,0,0,0,0,0
409,0,0,0,0,0,3,9,2
410,0,0,0,0,0,0,1,0
415,4,1,0,0,14,0,0,5
416,0,1,0,5,0,0,0,0
417,9,0,3,0,14,1,0,1
418,3,0,0,0,1,10,7,14
423,0,0,1,0,1,0,0,0
424,0,1,12,0,3,0,2,0
425,1,0,0,0,0,0,0,0
427,0,1,0,1,0,0,0,0
428,0,1,0,0,0,9,2,0
429,1,1,0,0,0,0,0,0
430,0,2,1,6,0,2,0,0
431,0,0,0,2,0,0,0,0
432,0,0,0,1,0,0,0,0
433,0,0,0,1,0,0,0,0
435,1,0,0,0,0,0,0,0
436,7,2,0,0,0,0,1,0
437,10,2,3,1,0,0,0,0
438,3,2,10,0,14,0,1,0
439,0,0,0,0,1,0,0,0
440,0,0,0,0,5,1,1,3
441,0,0,0,0,1,0,0,0
445,0,0,0,0,1,0,0,1
446,0,0,0,0,5,1,1,1
447,0,0,0,0,0,0,0,1
448,0,0,0,0,0,0,0,1
449,0,0,0,0,0,0,1,0
450,0,0,0,0,0,12,11,2
451,4,0,0,0,2,1,0,0
452,5,2,2,3,5,4,3,0
453,6,0,0,1,3,4,3,0
454,1,0,0,0,0,0,0,0
455,0,0,0,0,0,1,0,0
456,0,0,0,0,0,7,4,0
457,0,0,0,0,0,3,5,0
459,0,1,0,0,0,0,0,0
461,2,0,1,0,1,8,3,0
462,0,0,0,1,0,0,0,0
463,7,7,1,0,0,1,5,0
465,0,0,0,1,0,0,1,0
466,0,0,1,0,0,0,0,0
467,0,0,1,0,0,0,0,0
468,4,4,0,0,0,0,0,0
474,5,2,0,1,0,0,0,0
475,1,0,0,0,0,4,0,0
476,1,2,0,4,2,8,0,0
477,10,0,1,1,0,0,0,0
478,1,0,0,0,0,0,0,0
481,0,0,0,1,0,0,0,0
482,0,1,0,0,0,3,3,0
483,1,5,0,0,0,7,7,0
484,0,1,0,0,0,0,0,0
485,0,0,0,1,0,0,1,0
491,0,10,11,0,0,8,5,4
492,0,1,3,1,2,7,3,3
493,0,0,0,0,0,2,3,4
494,1,1,0,0,7,4,1,2
495,11,0,1,0,11,2,0,3
496,0,2,9,5,0,1,1,0
497,0,0,0,2,0,0,1,0
498,0,0,0,2,0,0,0,0
499,0,0,0,2,0,0,0,0
502,1,1,1,2,0,0,0,0
503,0,1,0,0,0,2,0,0
506,0,1,0,10,0,2,0,0
507,3,3,0,2,0,2,0,0
508,0,0,0,1,0,0,0,0
509,0,0,0,4,0,0,0,0
516,0,0,0,0,0,1,2,0
517,8,4,0,0,5,5,4,0
518,0,0,0,0,0,1,2,0
519,0,0,0,1,0,0,0,0
522,0,0,0,0,0,0,1,0
523,4,3,0,1,1,0,0,0
524,0,0,0,1,0,0,0,0
525,0,0,0,2,0,0,0,0
527,5,3,0,0,0,1,0,0
529,0,0,0,0,0,3,1,0
530,3,0,0,0,1,2,4,1
531,0,0,0,0,0,3,1,0
533,4,0,0,0,0,0,0,0
534,1,0,0,0,1,0,0,2
539,0,0,0,0,0,1,0,0
540,0,0,0,0,0,2,0,0
541,0,0,0,0,0,1,0,1
543,1,1,0,0,0,0,0,0
544,0,0,1,0,0,0,0,0
545,0,0,1,0,3,0,1,0
548,2,3,3,0,3,4,9,1
554,0,0,0,1,0,1,0,0
556,0,0,0,0,0,2,7,0
557,1,0,0,0,7,0,0,1
558,14,9,5,2,2,8,6,0
559,3,0,0,0,0,0,0,0
560,3,1,0,0,0,0,0,0
561,0,0,0,0,0,2,0,0
562,0,0,2,0,0,3,4,2
565,0,0,0,0,1,1,0,0
566,1,0,7,0,22,6,1,0
568,2,0,0,0,1,0,4,0
570,0,0,0,0,0,2,1,0
575,61,42,16,9,1,3,6,2
576,0,0,0,1,0,0,0,0
578,8,3,2,0,0,1,0,0
582,0,0,5,0,12,7,5,7
585,1,0,1,0,1,1,0,0
586,17,21,4,2,1,0,1,0
594,0,1,0,0,9,0,0,2
595,0,0,0,0,13,2,1,4
598,3,0,0,0,3,0,0,0
603,1,0,0,0,0,2,1,0
605,1,0,1,4,0,0,0,0
607,0,0,0,1,0,0,0,0
608,1,0,0,5,0,3,2,0
611,0,1,0,0,0,0,0,0
612,1,0,0,0,0,0,0,0
614,1,0,0,0,0,0,0,0
615,1,2,0,1,0,2,0,0
616,4,4,0,2,0,4,1,0
617,5,18,1,5,0,7,5,0
621,1,0,0,0,0,1,0,0
622,0,0,0,0,0,1,0,0
623,0,0,1,0,0,1,0,0
628,0,0,0,0,0,5,0,0
629,2,1,0,0,2,1,1,0
630,1,1,1,0,0,0,0,0
631,3,0,0,0,0,0,0,0
632,1,0,0,0,0,0,0,0
633,2,0,0,0,0,0,0,0
634,1,0,0,0,0,0,0,0
637,2,0,1,0,0,1,0,0
638,0,1,0,0,0,0,0,0
641,0,0,4,0,0,0,0,0
642,2,4,8,2,0,1,1,0
643,0,0,1,0,0,0,0,0
644,3,2,2,0,0,3,1,0
645,2,0,1,0,15,10,2,5
646,0,0,0,0,1,0,0,0
652,1,1,0,0,0,0,0,0
653,0,0,0,2,0,0,0,0
654,0,0,0,2,0,0,0,0
655,3,0,2,2,2,4,2,0
656,0,0,2,2,0,0,0,0
657,0,0,1,7,1,1,1,0
658,2,4,4,1,4,5,3,1
661,2,4,1,8,0,0,0,0
662,1,0,0,0,0,0,0,0
668,1,0,0,0,0,0,0,0
669,0,0,0,0,0,1,0,0
679,12,8,0,0,1,5,3,0
680,2,0,0,0,2,3,4,2
681,0,1,0,0,0,0,0,0
684,0,0,1,0,13,12,5,5
687,0,0,0,0,0,1,0,0
688,0,0,1,0,1,1,0,0
692,2,0,4,0,1,0,0,1
693,1,0,10,0,7,1,0,2
694,1,2,0,0,0,0,0,0
695,1,1,0,0,0,0,0,0
696,0,1,0,0,0,0,0,0
697,0,1,0,0,0,0,0,0
698,0,1,0,0,0,0,0,0
699,3,2,0,0,0,0,0,0
700,0,0,0,0,4,4,6,7
701,1,0,2,0,1,0,0,0
702,1,4,4,0,14,12,8,1
703,0,0,0,0,0,3,1,0
704,0,0,0,0,0,1,0,0
705,0,3,0,3,0,9,5,1
706,0,0,0,0,0,2,3,0
707,7,5,4,1,1,0,0,0
708,3,1,0,0,0,0,0,0
709,2,1,0,0,0,0,0,0
710,1,4,0,2,0,0,0,0
711,0,0,0,0,0,1,0,0
712,0,0,0,0,0,1,0,0
724,1,0,1,0,0,0,0,0
728,0,0,0,0,0,4,5,9
730,0,1,0,0,0,0,0,0
731,0,2,0,0,0,0,0,0
734,0,1,0,0,0,0,0,0
735,4,14,2,6,0,6,3,0
737,1,1,2,0,1,0,1,0
738,5,4,2,0,8,1,0,0
739,1,1,0,0,1,1,0,0
745,0,0,0,0,0,1,0,0
746,0,0,0,1,1,3,2,2
747,0,0,0,0,5,3,2,0
748,1,1,0,0,0,0,0,0
749,1,1,0,0,0,0,0,0
750,0,1,0,0,0,5,0,1
751,0,2,0,0,0,5,1,2
752,0,0,0,1,0,5,0,0
753,0,0,0,0,0,1,0,0
754,0,2,2,2,0,9,1,2
759,0,1,0,0,0,1,1,0
760,0,1,0,1,0,4,0,0
761,14,0,0,2,0,0,1,0
762,8,0,0,1,0,0,0,0
768,0,0,1,0,0,0,0,0
769,0,0,1,0,3,3,7,0
770,0,0,0,0,3,16,15,16
773,0,2,9,12,2,3,5,0
776,0,1,0,3,0,0,0,0
777,2,7,2,13,0,7,3,0
778,0,2,0,1,0,0,0,0
779,0,1,0,0,0,0,0,0
780,0,2,0,4,0,1,0,0
783,0,0,3,0,0,0,0,0
784,1,2,4,0,0,0,0,0
785,0,0,0,0,0,1,0,0
793,0,0,0,0,1,0,0,0
794,0,0,1,0,0,8,3,0
795,0,0,0,0,0,3,1,2
796,1,0,2,0,3,2,0,0
797,1,0,0,0,0,7,1,0
798,1,0,0,0,0,2,0,0
799,2,0,0,0,0,14,6,0
800,1,0,0,0,0,4,0,0
801,1,0,0,1,0,0,0,0
802,0,0,0,1,0,0,0,0
803,0,0,0,1,0,0,0,0
804,0,0,0,1,0,0,0,0
805,0,0,0,3,0,0,0,0
806,0,0,0,1,0,0,0,0
807,0,0,0,1,0,0,0,0
808,3,0,0,0,8,0,0,2
812,0,0,0,0,0,0,3,0
813,0,0,0,0,0,1,0,0
814,5,14,0,3,0,2,0,0
815,0,0,0,0,0,1,1,0
816,0,0,0,0,0,2,2,0
819,1,1,0,5,0,0,1,0
826,4,3,9,0,12,16,8,0
827,0,1,1,0,2,1,1,10
830,0,0,0,0,0,2,0,0
831,0,0,9,1,10,7,8,5
832,0,0,0,0,9,1,1,0
833,0,0,0,0,0,12,6,1
834,0,0,0,0,0,0,1,1
835,0,0,0,1,0,0,0,0
836,1,2,0,1,1,1,1,0
837,0,0,0,2,0,0,0,0
838,0,0,0,2,0,0,0,0
839,0,0,0,3,0,0,0,0
840,0,0,0,0,0,0,1,0
841,1,2,0,4,2,2,2,0
842,3,0,1,0,4,1,1,0
843,1,0,0,0,1,4,5,0
844,1,0,0,0,0,0,0,0
845,1,0,1,0,0,0,0,0
846,1,0,0,0,0,0,0,0
847,3,1,1,0,0,0,0,0
848,2,0,0,0,1,0,0,0
849,1,0,0,0,0,0,0,0
850,4,1,0,0,0,3,0,0
851,0,0,0,0,0,1,0,0
852,0,0,0,0,0,1,0,0
853,7,4,0,1,0,5,3,0
854,0,0,0,0,0,0,1,0
855,0,0,0,0,0,1,1,0
860,2,1,0,0,2,3,0,1
862,0,0,0,0,1,0,0,0
863,0,0,0,0,12,3,0,1
864,0,0,0,1,3,0,0,0
865,1,3,6,4,4,0,0,0
867,0,0,0,0,0,1,0,0
868,22,11,2,6,0,2,1,0
870,0,0,1,0,2,0,0,1
871,0,1,1,0,4,0,0,0
872,2,1,0,0,1,0,0,0
873,1,0,0,2,0,1,0,0
875,1,1,0,0,0,0,0,0
877,0,1,0,0,0,0,0,0
878,0,3,0,3,0,0,0,0
879,0,0,0,0,0,2,0,0
880,0,0,0,0,0,3,0,0
881,0,0,0,0,0,1,0,0
882,1,0,0,1,0,9,5,0
885,0,10,0,1,0,3,0,0
886,1,1,0,0,0,0,0,0
887,12,18,5,3,9,42,21,0
888,2,23,2,1,2,8,2,0
889,0,1,4,0,2,0,0,0
892,0,0,0,0,0,1,0,0
893,1,0,0,0,0,2,0,0
895,0,1,0,0,21,3,3,6
896,0,0,1,0,0,0,0,1
897,0,0,0,0,4,12,5,2
898,0,0,0,0,0,1,3,0
899,0,0,0,0,0,11,8,1
901,0,0,1,2,0,0,0,0
902,2,1,4,2,0,0,1,0
904,0,0,0,3,0,0,0,0
907,0,1,0,0,0,0,0,0
908,0,0,0,0,1,1,0,0
909,1,0,0,0,0,1,2,25
910,1,2,0,0,0,0,0,0
913,1,3,0,0,1,6,2,0
914,0,4,0,0,0,0,0,0
915,1,3,1,7,0,0,0,0
919,0,2,0,2,0,0,0,0
920,0,0,0,3,0,0,0,0
921,2,0,0,2,0,5,1,0
923,0,1,0,0,0,0,0,0
924,11,20,3,9,0,3,1,0
931,3,6,5,12,3,0,0,0
932,0,3,3,4,1,0,2,0
933,10,3,2,1,22,17,1,4
934,0,0,0,0,1,0,0,0
935,1,0,0,0,10,0,0,0
936,1,0,0,0,0,0,0,0
937,0,0,0,0,0,1,0,0
938,1,0,1,0,0,2,0,0
939,0,2,2,1,1,1,0,0
940,0,2,0,0,0,0,0,0
941,21,11,8,1,3,1,0,0
942,1,1,6,2,1,0,0,0
943,1,4,2,0,0,4,1,0
944,3,4,0,0,3,1,1,3
947,4,1,0,0,0,0,0,0
948,1,1,0,0,0,0,0,0
949,2,0,0,0,0,0,0,0
950,8,1,0,0,0,0,0,0
951,1,0,0,0,0,0,0,0
952,1,0,0,0,0,0,0,0
953,4,1,0,0,0,1,0,0
954,1,0,0,0,0,0,0,0
955,1,0,0,0,0,0,0,0
956,9,1,1,0,0,0,0,0
957,2,0,0,0,0,0,0,0
958,1,0,0,1,0,0,0,0
959,2,0,0,1,0,1,0,0
960,4,0,2,0,6,6,4,1
961,0,0,0,0,0,0,1,0
962,1,0,0,0,0,2,1,0
963,3,6,3,1,5,7,5,2
964,1,0,2,0,0,0,0,0
965,5,6,1,3,2,5,0,0
976,0,0,0,0,3,5,9,0
979,0,0,6,0,14,1,0,1
980,0,0,0,0,1,0,0,0
983,1,0,0,0,0,0,1,0
984,5,0,0,0,2,8,2,0
1001,0,0,0,0,3,0,0,0
1002,0,1,2,0,0,0,0,0
1003,0,1,2,0,0,1,0,0
1004,1,1,0,0,1,0,0,1
1005,0,0,0,0,2,6,3,1
1006,1,1,2,0,2,8,4,0
1007,0,0,0,0,0,9,12,0
1008,0,1,1,0,0,0,0,1
1009,0,0,1,0,0,2,0,0
1010,0,0,1,0,0,0,0,0
1017,0,0,1,0,0,0,0,0
1018,0,0,0,0,1,0,0,0
1019,1,1,1,0,6,0,2,1
1021,0,0,0,0,0,1,1,0
1027,1,11,0,0,4,11,2,0
1028,0,0,0,0,3,5,3,0
1034,0,5,4,0,2,3,3,0
1035,1,1,0,0,0,0,0,0
1036,1,0,0,0,0,0,0,0
1037,3,3,0,0,0,0,0,0
1038,1,0,0,0,0,0,0,0
1039,1,0,0,0,0,0,0,0
1042,0,0,1,0,2,0,0,1
1051,0,0,0,0,0,1,0,0
1059,2,0,0,0,0,1,0,0
1060,2,0,0,0,0,2,0,0
1061,1,0,0,1,0,2,0,0
1062,0,0,0,0,0,7,3,0
1064,0,0,0,2,1,6,0,0
1065,1,3,0,4,0,0,0,0
1068,0,1,1,0,0,1,0,0
1069,3,16,9,2,2,14,8,0
1070,2,2,4,1,4,16,9,0
1071,4,6,6,1,6,20,13,0
1072,0,0,0,1,0,0,0,0
1073,0,0,1,1,0,5,6,0
1074,0,1,0,4,0,0,0,0
1075,0,0,2,0,1,10,8,2
1080,0,0,0,0,0,2,4,0
1081,0,0,0,0,0,5,4,4
1082,0,0,0,0,0,0,0,1
1083,5,4,2,1,0,0,0,0
1086,0,0,0,0,0,0,2,0
1090,0,0,0,0,1,19,25,0
1091,2,1,3,1,1,2,2,0
1093,2,0,0,0,0,1,0,0
1097,0,0,1,0,0,0,0,0
1104,1,0,0,0,3,2,0,1
1105,1,0,0,0,0,1,0,0
1106,1,0,0,0,0,1,0,0
1107,7,2,3,0,7,5,2,5
1108,1,0,0,0,0,1,0,0
1109,15,5,2,0,0,11,1,0
1110,0,0,0,0,0,8,2,0
1113,0,0,0,0,1,1,0,0
1114,2,0,1,1,6,6,3,0
1115,0,1,0,1,0,0,0,0
1116,0,0,0,1,0,0,0,0
1117,1,0,0,8,0,7,1,0
1118,3,12,3,6,0,0,0,0
1119,0,0,0,0,0,2,4,0
1120,0,0,0,0,0,3,4,0
1121,0,0,0,0,0,6,10,0
1122,1,0,2,1,0,0,0,0
1123,6,2,9,4,0,0,2,0
1124,0,0,0,0,1,0,0,0
1125,0,0,0,0,1,0,0,0
1126,0,0,0,0,1,0,0,0
1129,0,0,0,0,0,2,1,0
1130,0,0,0,1,0,1,0,0
1131,2,2,0,0,0,3,3,0
1132,0,0,0,0,0,1,0,0
1133,0,0,0,0,0,1,0,0
1134,12,2,0,0,1,0,0,0
1135,1,1,4,2,0,0,1,0
1136,8,4,2,7,0,1,0,0
1137,0,0,0,0,3,38,14,3
1138,0,0,0,0,0,1,1,0
1141,4,3,1,1,2,4,2,0
1142,0,0,0,1,0,4,2,0
1143,2,0,0,0,1,0,2,0
1144,1,0,0,0,0,0,0,0
1145,1,0,0,0,0,0,0,0
1146,1,0,0,0,0,1,0,0
1147,1,0,0,0,4,0,0,0
1148,0,1,0,0,0,1,1,1
1151,0,0,0,0,0,2,0,0
1152,2,3,0,0,6,9,5,2
1153,1,3,0,2,4,9,6,2
1154,0,1,0,0,3,2,1,5
1155,0,0,0,0,0,0,0,1
1156,0,0,0,0,0,1,0,1
1158,1,3,0,1,0,0,0,0
1159,0,2,0,0,0,0,0,0
1160,4,5,1,2,0,0,0,0
1161,4,7,0,3,0,0,0,0
1163,2,5,3,0,1,5,2,0
1164,0,1,0,0,0,0,0,0
1165,1,1,0,0,0,0,0,0
1166,0,1,0,0,0,0,0,0
1167,1,3,1,0,3,1,0,2
1168,0,0,0,0,0,0,1,0
1169,0,1,0,0,0,0,0,0
1170,0,1,0,0,0,0,0,0
1175,1,0,1,0,0,3,3,0
1176,0,0,2,0,0,8,4,0
1177,3,8,2,1,3,2,0,0
1178,2,0,0,0,0,0,0,0
1179,0,0,0,0,1,0,0,0
1181,0,0,0,0,0,1,0,0
1182,0,0,0,0,0,1,0,0
1183,0,0,0,1,3,7,2,0
1189,0,0,0,0,1,0,0,1
1190,0,0,0,0,1,0,0,2
1193,4,5,0,2,0,0,0,0
1194,0,0,1,0,4,0,1,7
1195,0,0,0,0,0,0,1,0
1196,0,2,1,0,0,0,2,0
1202,10,1,0,0,0,0,2,0
1203,3,1,0,0,1,0,1,0
1208,1,3,1,3,0,0,0,0
1209,0,0,1,0,0,0,0,0
1210,3,1,1,0,0,0,0,0
1211,2,1,1,0,0,1,0,0
1212,0,0,1,0,0,0,0,0
1213,0,0,0,0,0,1,0,0
1214,5,1,0,0,1,2,0,0
1216,0,0,0,1,0,0,0,0
1218,0,0,0,0,0,0,0,1
1219,0,1,0,0,0,0,0,0
1226,1,0,0,0,0,0,0,0
1228,3,15,0,0,0,2,7,0
1233,0,0,0,0,0,1,2,0
1234,0,0,0,0,0,0,1,0
1235,0,0,0,0,0,0,1,0
1236,0,0,7,0,7,0,4,0
1237,0,2,0,0,0,0,0,0
1238,4,4,1,0,6,0,1,1
1239,1,2,0,0,0,0,0,0
1240,1,2,0,1,0,0,0,0
1241,1,9,0,0,0,0,0,0
1242,6,6,1,3,2,1,0,1
1246,1,3,1,0,0,3,2,0
1247,1,4,8,0,8,0,2,0
1248,0,1,3,2,0,1,0,0
1249,1,5,3,10,0,0,0,1
1250,0,0,0,0,1,1,0,0
1253,1,2,0,0,0,0,0,0
1255,0,1,0,0,0,0,0,0
1256,0,1,0,0,0,0,0,0
1262,2,0,0,4,0,0,0,0
1263,0,0,0,0,1,0,1,0
1264,1,1,6,1,0,0,2,0
1266,0,1,0,0,0,0,0,0
1267,0,2,0,0,0,0,0,0
1268,0,1,0,0,0,0,0,0
1269,0,1,0,0,0,0,0,0
1270,1,0,0,0,0,0,2,2
1271,1,0,0,0,0,0,0,0
1275,0,0,0,0,0,1,0,0
1277,0,0,4,0,1,0,2,1
1278,0,0,2,0,0,0,1,0
1279,0,0,6,0,10,0,2,3
1280,0,0,6,0,3,1,2,0
1281,1,4,7,0,5,8,6,0
1288,0,0,0,0,0,1,1,0
1289,0,0,0,0,0,1,0,0
1290,3,0,3,0,0,0,0,0
1291,1,0,2,0,0,0,0,0
1292,1,0,1,0,0,0,0,0
1293,0,0,1,1,0,0,0,0
1294,2,0,3,0,0,0,0,0
1302,3,5,4,6,0,0,0,0
1303,4,4,0,0,0,0,0,0
1304,0,2,0,1,0,1,0,0
1310,1,0,0,0,0,4,1,0
1312,8,1,2,1,11,3,0,11
1315,0,0,0,0,1,1,0,0
1316,23,0,0,0,4,0,0,8
1317,0,0,0,0,2,1,4,10
1318,0,0,3,0,0,0,0,0
1319,0,0,1,0,10,1,3,2
1320,0,0,0,0,1,7,5,0
1321,0,0,0,0,2,6,3,0
1326,3,0,0,0,0,0,0,0
1327,1,0,0,0,0,0,0,0
1328,1,1,0,0,0,0,0,0
1329,3,0,0,0,0,0,0,0
1331,0,0,0,0,0,1,1,0
1332,1,1,0,0,0,1,4,0
1333,0,0,0,0,1,0,0,0
1334,0,0,0,0,4,0,1,0
1337,2,1,0,0,0,1,0,0
1338,2,3,0,0,0,1,0,0
1339,0,2,0,1,0,1,0,0
1340,0,2,0,0,0,0,0,0
1341,1,4,0,2,1,1,0,0
1342,0,1,1,1,0,1,0,0
1343,3,0,0,0,1,0,0,0
1344,1,0,0,0,1,0,0,0
1347,0,0,0,1,0,0,0,0
1349,0,0,0,1,0,0,1,0
1350,0,0,0,0,0,0,1,0
1351,2,3,0,2,1,2,3,0
1352,0,0,0,0,0,2,2,0
1366,4,2,0,0,2,2,0,13
1369,0,2,1,1,0,2,1,0
1370,1,0,0,0,0,0,0,0
1372,0,1,0,0,0,0,3,0
1374,0,0,1,0,0,3,1,0
1375,0,0,0,0,0,3,0,0
1383,0,0,0,0,3,0,2,1
1386,0,0,0,0,0,1,0,0
1387,1,0,0,0,0,0,0,0
1391,7,0,0,0,0,0,0,0
1394,7,0,0,1,0,0,0,0
1396,0,0,0,0,0,4,2,0
1397,0,0,0,0,1,0,0,0
1398,0,0,0,0,1,0,0,0
1399,0,0,0,0,1,1,0,0
1422,0,0,0,0,3,0,1,0
1426,1,1,0,0,0,0,0,0
1427,0,0,0,1,0,0,0,0
1430,0,0,0,0,1,1,0,0
1431,1,0,0,0,0,3,0,0
1433,2,2,0,0,0,1,0,0
1434,0,0,0,0,0,1,2,0
1435,1,0,0,0,0,0,0,0
1436,2,0,0,0,0,0,0,0
1437,6,5,0,0,14,0,0,0
1441,10,6,0,0,3,0,0,1
1442,0,0,0,0,0,1,2,0
1443,0,0,0,0,1,0,0,0
1445,0,0,1,1,0,4,1,0
1446,0,0,0,0,0,2,1,0
1456,0,0,1,0,0,0,0,0
1460,1,0,0,0,0,0,0,0
1465,0,0,8,0,2,0,0,0
1466,0,0,2,0,1,0,0,0
1467,1,0,1,0,0,0,0,0
1468,1,0,1,1,0,0,0,0
1470,0,0,0,0,0,1,0,0
1476,1,0,0,1,0,5,0,0
1477,0,0,0,0,0,2,0,0
1478,0,0,0,0,0,3,0,0
1479,0,2,1,0,0,0,0,0
1483,0,0,4,0,7,1,5,0
1484,0,0,2,0,4,1,1,0
1486,0,1,1,6,1,0,0,0
1488,2,0,0,0,0,0,0,0
1493,0,1,1,1,0,0,0,0
1499,0,0,0,1,0,1,0,0
1506,0,0,0,0,0,1,0,0
1509,0,1,0,0,0,0,0,0
1513,1,0,0,1,0,0,0,0
1514,1,0,0,0,0,0,0,0
1515,2,0,0,0,0,0,0,0
1516,1,0,1,1,10,0,0,1
1517,0,0,0,0,1,0,1,0
1525,0,0,0,0,0,1,0,0
1526,3,7,0,1,0,1,1,0
1527,5,8,1,0,0,0,0,0
1528,0,1,0,0,0,0,0,0
1531,0,2,0,0,0,1,3,0
1533,2,2,0,2,1,4,2,0
1534,7,2,0,0,1,0,0,0
1536,3,9,0,8,0,0,0,0
1537,6,5,0,1,0,0,1,1
1540,3,0,0,0,0,0,0,0
1542,1,0,0,1,0,0,0,0
1543,0,0,0,0,0,5,2,0
1544,0,0,0,0,0,2,1,0
1549,9,1,0,3,1,1,1,0
1550,0,0,0,1,0,0,0,0
1551,1,0,1,0,11,1,0,4
1555,0,2,0,0,0,0,0,0
1556,0,3,0,0,0,0,0,0
1557,0,2,0,0,0,0,0,0
1562,11,15,0,18,0,0,0,0
1564,2,4,6,2,1,4,1,0
1567,0,1,0,0,0,1,0,1
1571,1,0,0,0,0,0,0,0
1574,0,0,0,0,0,1,0,0
1575,0,0,0,0,0,1,3,0
1576,0,0,0,0,0,0,1,0
1582,0,1,0,0,0,0,0,0
1585,2,0,0,0,0,1,0,0
1590,0,0,1,0,0,0,0,8
1596,0,0,0,0,5,1,2,4
1597,0,0,0,0,0,3,0,0
1598,0,0,0,0,0,4,1,0
1601,1,0,1,0,0,1,1,0
1610,1,0,0,0,0,0,0,0
1612,1,0,0,0,0,0,0,0
1616,1,0,0,1,0,0,0,0
1618,1,2,2,2,0,0,0,0
1619,3,0,0,0,0,1,0,0
1620,1,0,0,0,0,0,0,0
1623,0,0,0,0,0,2,0,0
1624,0,0,0,0,1,3,3,1
1625,0,0,0,0,3,4,2,4
1626,1,0,0,0,0,0,0,0
1627,3,0,0,0,0,0,0,0
1629,2,2,1,3,1,0,0,0
1634,3,2,0,1,0,0,0,0
1636,0,0,0,0,1,0,0,0
1639,2,0,0,0,0,0,0,1
1640,10,4,2,0,5,1,0,3
1641,1,0,0,0,0,2,0,0
1642,3,0,0,0,0,0,0,0
1643,3,0,0,0,0,2,0,0
1644,0,0,0,0,4,1,0,4
1647,0,0,0,0,0,6,8,0
1649,5,1,7,0,6,0,2,0
1650,0,0,1,0,0,3,0,0
1651,5,1,0,1,4,6,1,0
1652,1,0,0,0,0,1,0,0
1654,0,0,1,0,0,1,0,0
1656,0,0,1,0,0,1,0,0
1657,1,1,0,1,1,2,0,0
1660,1,0,0,0,4,3,1,9
1662,0,0,0,0,2,0,0,0
1663,1,2,0,0,1,0,2,0
1664,3,3,1,0,4,6,6,0
1665,0,0,0,0,1,1,0,0
1666,0,0,0,0,1,2,1,0
1667,0,1,0,0,1,1,0,0
1670,0,0,0,0,1,0,0,0
1671,0,0,0,0,3,1,0,0
1673,0,0,0,0,1,17,4,5
1675,0,1,0,4,0,0,0,0
1676,1,1,0,3,0,0,0,0
1678,1,1,0,4,0,2,0,0
1680,0,2,1,0,0,1,0,0
1682,0,0,0,0,0,1,0,0
1683,0,7,0,5,1,6,2,0
1684,0,0,0,0,0,1,0,0
1685,0,0,0,0,0,1,0,0
1686,1,7,0,4,0,3,1,0
1688,0,3,1,0,0,0,0,0
1689,0,1,0,0,0,0,0,0
1691,0,4,2,6,0,0,0,0
1696,0,0,0,0,0,10,6,0
1699,0,1,0,0,3,0,0,1
1700,0,1,0,0,0,0,0,0
1701,1,1,0,0,2,0,0,0
1702,0,0,0,0,0,2,3,0
1703,0,0,2,0,0,7,16,0
1707,1,0,1,0,0,17,14,0
1721,6,2,1,0,0,8,1,0
1723,5,5,0,0,0,0,1,0
1726,0,0,0,0,0,1,1,0
1727,0,0,0,0,0,1,0,0
1728,0,0,0,0,0,1,0,0
1729,0,0,0,0,0,1,0,0
1730,0,1,1,0,3,2,0,0
1733,0,1,0,0,0,0,0,0
1735,5,0,0,0,1,0,0,0
1743,1,1,0,15,0,0,0,0
1744,1,1,0,1,0,2,0,0
1745,1,0,0,0,0,0,0,0
1746,0,0,0,0,0,34,16,0
1747,0,0,0,0,0,10,3,0
1748,0,0,0,0,0,0,1,0
1749,0,0,0,0,0,0,1,0
1750,1,0,0,0,0,0,0,0
1751,0,1,0,0,0,0,0,0
1752,13,6,1,1,0,0,0,0
1760,0,0,0,0,0,1,5,0
1775,1,0,0,0,0,1,0,0
1776,1,2,0,1,0,0,0,0
1777,1,0,0,0,0,0,0,0
1778,0,0,0,0,0,0,0,2
1779,1,0,0,0,7,1,1,8
1780,0,0,0,0,6,0,0,3
1782,0,0,0,1,1,0,0,0
1783,0,0,0,0,2,1,0,0
1784,0,0,7,0,9,33,8,0
1790,2,4,1,0,35,1,1,12
1791,0,0,0,0,5,3,0,1
1792,1,2,0,0,1,0,0,0
1797,1,0,0,0,0,0,0,0
1798,2,1,0,1,0,0,1,0
1799,2,0,0,0,0,0,0,0
1806,0,1,0,0,0,0,0,0
1807,0,1,0,0,0,0,0,0
1814,0,1,0,0,0,33,17,0
1815,0,0,0,0,0,7,19,3
1816,0,0,0,0,0,7,7,0
1818,1,0,0,0,0,0,0,0
1819,3,9,1,11,1,5,4,0
1820,0,0,0,0,0,0,1,0
1821,0,0,0,0,0,0,2,0
1822,0,0,0,0,0,1,3,0
1828,0,0,0,0,0,4,9,0
1830,1,2,0,4,0,0,1,0
1831,1,0,0,0,0,0,0,0
1833,0,0,0,0,0,0,1,0
1834,0,0,0,0,0,8,7,0
1835,0,0,0,0,0,4,10,0
1837,0,0,0,0,0,1,0,0
1838,0,0,0,0,1,6,0,0
1839,0,0,0,0,0,1,0,0
1840,0,0,0,0,0,1,0,0
1841,0,0,0,0,1,5,4,3
1842,0,1,0,0,0,0,0,0
1848,0,0,0,0,2,0,0,0
1849,0,0,0,0,3,0,0,1
1850,0,0,1,0,8,0,0,0
1851,0,2,1,0,0,1,1,1
1852,0,0,0,0,1,3,4,0
1853,0,0,0,0,0,0,1,0
1855,1,0,0,0,0,1,0,0
1856,3,1,1,0,0,0,0,0
1857,0,0,0,0,0,1,0,0
1859,8,7,0,0,3,16,7,1
1860,0,0,0,0,1,4,1,0
1861,1,1,1,0,5,7,1,1
1862,0,0,0,0,0,1,0,1
1865,0,0,0,0,6,9,7,8
1866,0,0,1,0,17,13,1,9
1875,0,0,0,0,0,0,1,0
1876,0,0,0,0,0,0,1,0
1877,0,0,0,0,0,5,2,0
1878,0,0,0,0,0,3,2,0
1879,0,0,0,0,0,0,1,0
1883,1,0,0,0,1,0,0,2
1884,0,0,0,0,0,1,0,0
1885,0,0,0,0,0,1,0,0
1886,12,6,0,0,5,6,2,0
1887,0,1,0,0,0,0,0,0
1888,1,2,0,0,1,0,0,0
1891,0,1,0,0,0,1,0,0
1892,0,1,0,0,0,1,1,0
1896,0,0,0,1,0,0,0,0
1897,0,1,1,2,0,0,0,0
1899,0,0,0,0,4,0,0,3
1900,0,0,0,0,1,0,0,1
1901,1,0,0,0,0,0,0,0
1903,1,0,0,0,0,0,0,0
1904,3,5,0,9,0,0,0,0
1905,0,0,0,0,2,0,0,0
1906,0,1,0,1,0,2,0,0
1907,0,0,0,1,0,0,0,0
1908,0,0,0,1,0,0,0,0
1911,0,0,0,0,1,0,0,0
1912,0,0,3,0,0,5,6,6
1913,0,0,0,0,0,1,0,0
1914,0,0,1,0,0,1,0,0
1915,0,0,0,0,0,0,1,0
1916,1,0,0,0,0,1,0,0
1917,5,2,2,2,4,7,4,0
1918,0,0,0,0,0,0,1,0
1919,0,0,0,0,0,6,0,0
1921,0,1,0,0,0,0,0,0
1922,0,0,1,0,0,0,1,1
1925,0,0,1,0,5,20,9,0
1926,0,0,0,0,0,1,0,1
1927,0,0,0,0,0,7,2,1
1928,0,0,0,0,0,9,10,1
1929,1,0,0,0,1,0,0,2
1934,0,0,0,0,0,3,8,0
1935,0,1,0,0,2,19,19,9
1939,3,0,0,1,3,0,0,0
1940,1,0,0,0,0,0,0,0
1941,1,0,0,0,0,0,0,0
1942,2,0,0,0,0,0,0,0
1944,0,0,0,0,0,4,1,0
1945,4,0,0,0,0,0,0,0
1950,0,0,0,0,0,18,5,0
1951,0,2,0,1,0,1,0,0
1952,8,7,0,4,0,0,0,0
1953,0,4,0,0,0,0,0,0
1956,0,1,0,0,0,0,0,0
1960,1,0,0,0,0,0,0,0
1961,1,0,0,0,0,0,0,0
1964,1,2,0,2,0,0,0,0
1965,1,0,0,1,0,0,0,0
1966,1,0,0,0,0,0,0,0
1967,2,1,0,0,0,2,0,0
1968,1,1,0,0,0,0,0,1
1972,1,0,0,2,0,0,2,0
1978,3,1,0,0,0,0,0,0
1981,0,0,0,0,0,7,8,6
1984,1,1,0,0,4,0,0,0
1985,0,0,0,0,4,3,0,3
1993,0,0,0,0,0,1,0,0
1994,0,0,0,0,0,1,0,0
1995,0,0,0,0,0,1,0,0
2003,0,1,1,0,3,0,1,0
2004,0,0,0,0,1,0,0,0
2005,1,2,0,0,0,1,1,0
2006,0,0,0,0,0,1,1,0
2007,0,0,0,0,0,0,1,0
2008,0,0,0,0,0,0,1,0
2009,0,0,0,0,0,2,7,0
2010,2,1,1,0,0,1,0,0
2011,0,0,0,0,0,1,0,0
2012,0,0,0,0,0,1,0,0
2013,0,0,0,0,0,1,0,0
2014,0,0,0,0,0,1,0,0
2019,0,0,0,0,0,2,1,0
2020,0,0,0,0,0,0,1,0
2021,0,1,0,1,0,1,1,0
2024,0,1,0,0,0,0,0,0
2025,0,0,0,0,2,4,1,3
2026,0,0,0,3,0,0,0,0
2032,1,0,1,0,8,0,1,5
2033,0,0,1,0,0,0,0,1
2034,0,0,0,0,2,0,0,1
2038,1,0,0,2,0,0,0,0
2045,1,2,8,0,0,0,0,0
2046,1,0,5,0,5,0,0,1
2056,2,0,0,0,4,2,0,2
2062,0,2,0,1,0,0,0,0
2063,0,1,0,1,0,0,0,0
2064,1,0,0,0,0,3,3,0
2065,0,0,0,0,0,1,2,0
2066,0,0,0,0,0,1,3,0
2067,0,0,0,1,4,0,0,0
2068,0,1,0,0,2,0,0,0
2072,0,1,0,3,0,1,0,0
2073,0,0,0,1,0,0,0,0
2074,0,0,0,0,0,1,0,0
2077,0,0,2,0,0,0,0,0
2078,0,4,1,3,0,0,0,0
2079,9,1,0,1,0,0,0,0
2080,9,2,1,0,2,0,1,0
2086,0,0,5,0,11,11,3,1
2093,0,0,0,1,0,0,0,0
2096,4,3,1,0,8,2,3,0
2099,4,2,0,0,0,2,0,1
2100,0,0,1,0,1,1,0,0
2102,0,0,0,1,0,0,0,0
2103,0,0,0,0,0,3,0,0
2105,0,0,0,0,0,0,1,0
2107,0,0,0,1,0,2,1,0
2114,0,0,0,0,0,1,1,0
2123,0,2,0,0,0,0,0,0
2124,10,6,6,0,0,3,1,0
2127,0,4,0,3,0,3,1,0
2128,0,1,0,0,0,4,0,0
2129,0,0,0,0,0,0,1,0
2132,7,8,1,2,0,0,0,0
2133,0,0,1,0,0,0,0,0
2134,0,0,1,0,0,0,0,0
2135,0,0,1,0,0,0,0,0
2136,0,0,1,0,0,0,0,0
2140,0,0,1,0,2,0,1,0
2143,0,0,0,1,0,0,1,0
2144,1,0,0,0,0,0,0,0
2146,0,0,1,0,0,0,0,0
2147,0,1,1,0,0,0,0,0
2148,0,0,0,1,0,0,0,1
2154,1,0,0,0,0,0,0,0
2155,1,1,0,1,0,9,0,0
2156,0,0,0,0,0,1,0,0
2157,0,0,0,0,0,6,1,0
2158,0,0,0,0,0,1,0,0
2165,0,0,0,0,0,0,5,4
2166,1,0,0,0,0,2,1,0
2167,3,1,2,0,2,2,4,0
2168,0,0,0,1,0,2,0,0
2170,0,0,0,0,3,0,0,0
2175,0,0,0,0,0,1,0,0
2176,1,0,0,0,0,0,0,0
2177,0,0,0,0,2,0,0,0
2178,0,0,0,0,1,0,0,0
2179,2,3,3,1,0,0,0,0
2185,3,0,0,0,0,0,1,0
2186,3,2,0,0,0,2,0,0
2187,1,1,1,0,0,0,0,0
2188,2,1,0,0,0,1,0,0
2192,0,0,0,0,0,5,1,0
2193,0,0,0,0,0,6,5,0
2194,3,0,0,0,0,0,0,0
2201,0,0,0,0,0,1,1,0
2203,3,2,0,1,0,0,0,0
2204,0,1,2,1,0,0,0,0
2205,4,3,3,0,1,3,1,1
2206,1,0,0,0,0,1,0,0
2207,1,2,0,0,0,0,0,0
2208,2,1,0,0,0,1,0,0
2209,1,1,0,0,0,0,0,0
2210,1,2,0,0,0,1,0,0
2213,0,0,1,0,0,0,0,0
2214,0,2,1,0,0,0,0,0
2215,1,3,1,1,0,3,1,0
2230,3,1,1,1,0,0,3,0
2231,0,0,1,0,0,0,0,0
2232,0,1,1,0,0,0,0,0
2234,1,0,1,1,28,2,1,12
2235,0,0,1,0,0,0,0,0
2236,0,0,1,0,0,0,0,0
2237,0,0,3,0,0,9,9,0
2241,0,0,0,1,0,0,0,0
2242,2,8,2,6,0,0,0,0
2245,3,0,2,0,0,2,1,1
2246,1,0,1,0,1,0,0,0
2247,4,0,2,0,0,0,0,0
2248,0,0,0,0,3,6,10,2
2249,0,0,0,1,0,0,0,0
2253,0,0,0,0,0,18,7,0
2254,0,0,2,0,0,0,0,0
2255,0,0,1,1,2,0,0,0
2256,0,0,3,0,2,1,0,0
2257,0,0,4,0,1,0,0,0
2260,3,0,0,0,0,0,0,0
2262,4,1,0,0,11,0,0,6
2263,0,0,0,0,1,0,0,0
2265,0,0,0,0,0,1,0,0
2268,0,2,1,0,0,0,0,0
2270,1,0,0,1,0,1,0,0
2271,0,0,0,0,0,1,0,0
2275,1,0,0,0,0,0,0,0
2276,1,0,0,0,0,0,0,0
2279,1,0,0,0,0,0,0,0
2280,0,0,0,0,0,0,1,0
2282,1,0,0,0,0,0,0,0
2283,1,0,0,0,0,0,0,0
2285,0,0,0,0,1,0,0,0
2286,0,0,0,0,1,0,0,0
2287,0,0,0,0,3,3,1,2
2288,0,0,2,0,2,1,1,3
2293,0,0,0,0,0,7,4,1
2294,1,0,0,0,0,0,0,0
2295,6,1,0,1,0,0,0,0
2296,0,0,1,0,5,7,4,0
2297,6,3,2,0,0,0,0,0
2298,8,3,3,1,0,0,0,0
2308,0,0,2,0,0,0,0,0
2309,0,0,0,0,0,2,0,0
2312,2,0,0,0,0,1,2,0
2315,1,1,1,0,0,0,0,0
2319,0,0,0,0,1,0,1,0
2320,0,2,0,1,1,1,1,0
2321,1,4,0,0,1,1,1,0
2322,0,1,0,0,0,0,3,0
2323,1,0,1,0,1,0,1,0
2328,1,1,0,2,0,1,0,0
2333,0,0,0,0,0,0,1,0
2334,2,7,8,21,3,0,1,0
2335,0,0,0,0,0,1,0,0
2336,0,0,0,0,0,3,4,0
2337,0,0,2,0,1,0,0,0
2345,0,0,0,0,0,6,3,0
2346,0,0,9,1,7,0,2,0
2347,0,2,0,0,0,0,0,0
2348,2,0,0,0,0,1,2,0
2349,0,0,0,0,0,1,0,0
2356,1,0,0,0,0,0,0,0
2361,2,3,0,1,0,0,0,0
2362,1,1,0,0,0,0,0,0
2363,1,0,0,0,0,0,0,0
2364,1,2,0,1,0,0,0,0
2366,1,0,0,0,0,1,0,1
2367,0,0,0,0,0,1,0,0
2368,0,0,0,0,0,1,0,0
2369,0,0,0,0,0,1,0,0
2371,0,0,1,0,0,0,0,0
2372,0,0,0,0,1,0,0,0
2373,0,0,1,0,0,0,0,0
2374,0,0,1,0,0,0,0,0
2375,0,0,1,0,0,0,0,0
2376,0,0,1,0,0,0,0,0
2377,0,0,7,0,0,0,1,0
2378,0,0,1,0,0,0,0,0
2379,0,0,1,0,0,0,0,0
2380,0,0,1,0,0,3,0,1
2381,0,0,1,0,0,0,0,0
2382,0,0,0,0,1,0,0,2
2383,0,0,1,0,4,0,0,0
2384,0,0,0,0,0,4,0,0
2385,2,0,0,0,1,0,0,0
2386,1,0,0,0,2,2,1,1
2388,0,0,0,1,0,0,0,0
2389,0,0,0,2,0,0,0,0
2390,0,0,0,1,0,0,0,0
2392,0,2,0,0,0,0,0,0
2393,0,1,0,0,0,0,0,0
2394,1,0,0,0,0,0,0,0
2395,9,2,0,0,0,1,0,0
2396,2,1,0,0,0,0,0,0
2400,4,5,0,0,4,3,0,1
2401,0,0,0,0,14,0,0,2
2402,0,1,0,0,1,1,0,0
2403,0,0,3,0,3,0,0,0
2404,0,0,0,0,0,1,0,0
2405,0,0,0,0,0,1,0,0
2413,3,0,0,0,7,1,0,1
2420,2,1,1,1,0,0,1,0
2421,0,2,1,1,0,1,0,0
2422,0,1,0,0,0,0,0,0
2423,0,2,0,1,0,0,0,0
2424,1,0,0,0,1,0,0,0
2435,1,1,0,0,0,0,0,0
2436,1,1,0,0,0,0,0,0
2437,1,2,0,0,0,0,0,0
2438,1,0,0,0,0,0,0,0
2439,1,0,0,0,0,0,0,0
2440,1,0,0,0,0,0,0,0
2441,1,0,0,0,0,0,0,0
2446,0,1,0,0,0,1,1,0
2447,3,2,0,0,0,0,0,0
2448,2,0,0,0,0,0,0,0
2456,0,0,0,0,0,1,1,0
2457,0,0,0,0,0,0,1,0
2458,0,0,0,0,0,0,1,0
2459,0,0,0,0,0,0,1,0
2461,14,9,3,4,0,7,3,0
2465,0,0,1,0,0,0,0,0
2466,0,0,0,0,1,0,0,0
2475,0,0,0,0,0,3,0,0
2476,0,0,0,0,1,1,0,0
2477,0,0,0,0,0,1,0,0
2478,0,0,0,0,0,1,0,0
2481,3,2,1,0,0,0,0,0
2482,1,2,0,0,1,0,0,0
2493,0,1,0,0,0,0,0,0
2494,1,0,0,0,0,0,0,0
2496,5,0,0,0,0,0,0,0
2497,0,1,0,2,0,0,0,0
2498,0,0,0,1,0,0,0,0
2499,0,0,0,1,0,0,0,0
2500,0,0,0,0,0,1,0,0
2509,0,0,0,0,1,0,0,0
2510,0,0,0,0,0,2,0,0
2516,2,0,0,0,0,0,0,0
2517,1,0,0,0,0,0,0,0
2534,2,4,5,1,0,0,0,0
2535,1,2,0,2,0,0,0,0
2539,1,0,1,0,0,0,1,0
2541,0,0,0,0,0,1,0,0
2542,0,0,0,0,0,2,0,0
2544,0,0,0,0,0,3,2,0
2545,0,1,0,1,0,0,0,0
2546,0,0,0,4,0,0,0,0
2547,0,0,0,3,0,0,0,0
2548,2,0,2,4,0,0,1,0
2549,0,0,4,0,17,6,1,0
2550,1,0,0,0,0,0,0,0
2551,0,0,0,0,1,0,1,0
2553,0,0,0,0,0,0,1,0
2554,1,0,0,0,0,0,1,0
2555,0,0,0,0,0,5,1,0
2556,0,0,0,0,0,0,2,0
2559,0,1,0,1,0,0,1,0
2562,1,0,0,0,0,0,0,0
2563,0,0,0,0,0,0,6,0
2564,0,0,1,0,0,2,7,0
2565,0,0,0,0,0,3,5,0
2566,0,0,0,0,0,1,3,0
2567,0,0,0,0,0,0,1,0
2568,0,0,0,1,0,0,2,0
2570,0,1,0,0,0,11,1,0
2571,0,0,0,0,0,1,0,0
2572,0,0,0,0,0,1,0,0
2573,0,4,0,0,2,3,3,0
2574,0,2,1,0,0,11,5,0
2581,1,0,1,0,4,0,1,0
2582,1,0,0,0,1,0,0,0
2583,4,7,2,7,4,4,1,1
2584,0,0,0,0,4,0,1,1
2585,0,0,0,0,1,0,0,1
2589,2,0,0,3,0,1,1,0
2591,1,0,5,0,2,0,1,0
2593,0,0,0,0,0,1,0,0
2601,0,0,0,1,0,2,0,0
2603,0,0,0,0,2,0,0,0
2604,0,0,0,0,7,2,1,2
2605,0,2,0,0,0,0,1,0
2608,0,0,0,0,0,1,0,0
2611,0,0,0,0,0,2,6,0
2612,0,0,0,0,0,1,2,0
2613,0,0,0,0,0,0,1,0
2614,0,0,0,0,0,0,1,0
2615,2,1,0,1,0,3,0,0
2616,0,0,0,0,0,2,0,0
2617,0,0,0,0,0,1,0,0
2618,1,0,0,0,0,3,4,0
2619,0,1,0,0,0,0,2,0
2620,0,0,0,0,0,0,2,0
2621,1,2,3,3,0,1,1,0
2624,0,0,0,0,0,0,1,0
2628,0,0,0,0,0,0,2,1
2629,0,0,0,0,0,1,1,0
2630,0,0,0,1,0,0,2,0
2635,1,0,4,0,2,4,2,2
2645,0,0,0,0,4,2,0,0
2647,0,0,0,0,1,3,0,5
2648,2,1,0,0,0,2,0,0
2652,0,0,0,0,0,3,3,0
2661,0,0,0,0,0,1,2,0
2662,0,1,0,2,0,0,0,0
2675,0,0,0,0,0,1,3,0
2676,0,0,0,0,0,2,4,0
2677,0,0,0,0,0,1,0,2
2679,1,1,0,0,2,2,1,0
2680,0,1,0,0,3,0,0,0
2681,0,1,0,0,3,0,1,0
2682,0,1,1,1,0,1,1,1
2684,0,2,0,0,1,1,1,0
2685,0,0,0,0,1,0,0,0
2686,0,0,0,0,3,5,5,1
2687,6,0,0,0,2,0,0,0
2690,0,0,0,0,0,0,1,0
2691,1,0,0,0,0,0,0,0
2692,1,2,2,5,1,1,0,0
2694,0,1,0,0,0,0,0,0
2695,2,1,0,0,0,0,0,0
2696,0,0,1,0,0,0,0,0
2697,0,0,1,0,1,0,0,0
2698,1,0,0,2,0,0,0,0
2700,0,0,0,0,0,2,2,2
2701,2,0,1,0,30,7,3,2
2702,0,0,0,0,14,0,0,0
2703,3,1,0,1,0,2,0,0
2704,1,0,0,0,0,0,0,0
2705,0,0,0,1,0,0,1,0
2706,0,0,1,0,0,14,7,5
2707,0,0,0,0,1,0,0,1
2708,0,0,0,0,1,0,0,0
2710,1,1,2,0,2,0,0,0
2715,0,2,0,2,0,2,3,0
2716,0,0,0,0,0,0,0,1
2717,0,0,0,0,0,3,0,1
2718,0,0,0,0,0,0,0,1
2720,1,0,1,0,4,7,14,18
2721,3,0,0,0,0,0,0,0
2722,0,0,0,0,0,1,1,0
2727,0,0,0,1,1,0,0,0
2728,0,0,0,2,0,0,1,0
2738,0,0,0,0,0,14,10,1
2739,0,0,0,0,0,3,0,0
2740,1,1,7,0,2,2,1,0
2741,0,0,12,0,0,0,2,0
2742,0,0,3,0,0,1,4,0
2743,0,0,0,1,0,0,0,0
2745,5,0,0,0,0,0,0,0
2749,0,0,0,0,1,0,0,0
2750,6,3,1,0,15,1,1,6
2751,0,0,0,0,0,1,0,0
2752,0,0,0,0,0,3,3,0
2753,0,0,4,1,10,5,5,5
2754,0,0,0,0,0,1,1,0
2755,0,0,0,0,0,1,1,0
2756,0,0,0,0,0,1,1,0
2758,0,0,0,0,4,0,0,0
2759,0,0,0,0,0,1,1,0
2760,1,0,0,0,0,0,0,0
2761,1,0,0,0,0,1,0,0
2762,1,0,0,0,0,0,1,0
2763,1,0,0,0,0,0,0,0
2769,0,1,0,0,2,0,0,0
2774,0,1,0,0,0,12,6,0
2776,0,0,1,0,1,2,1,1
2784,0,0,0,0,2,1,1,0
2793,1,0,0,0,0,0,0,0
2794,1,0,0,2,0,2,0,0
2796,1,1,0,0,3,3,0,0
2799,1,4,1,1,0,0,1,2
2800,0,0,0,0,0,0,1,1
2801,0,0,0,0,0,2,0,0
2802,0,1,0,0,0,4,0,0
2804,0,0,1,0,0,0,0,0
2810,0,0,0,1,0,0,0,0
2811,1,0,0,0,0,0,0,0
2812,1,0,0,0,0,0,0,0
2814,0,0,0,0,0,0,2,0
2815,0,0,0,0,0,0,6,0
2816,5,4,8,0,1,0,0,0
2821,11,6,14,0,0,0,0,1
2822,0,0,2,0,0,0,0,0
2823,0,0,1,0,0,0,0,0
2827,1,1,0,0,0,0,0,0
2828,1,0,0,0,0,0,0,0
2830,1,0,0,0,0,0,0,0
2831,1,0,0,0,0,0,0,0
2833,0,0,0,0,0,0,2,0
2834,0,0,0,0,0,0,2,0
2835,0,0,0,0,0,0,2,0
2843,1,0,0,0,0,0,0,0
2844,0,0,0,0,2,1,0,0
2847,2,2,1,0,2,0,1,0
2848,0,0,0,0,0,0,0,2
2849,0,0,0,0,0,2,1,4
2851,0,1,0,1,0,4,1,0
2853,1,0,0,0,0,0,0,0
2854,1,0,0,0,0,1,0,0
2865,0,0,0,0,1,0,0,0
2869,0,0,0,0,0,1,4,0
2870,0,0,0,0,0,5,12,0
2872,1,0,0,0,2,0,0,0
2876,0,1,0,0,0,0,0,0
2877,0,0,0,2,0,1,0,0
2878,0,2,0,2,0,2,0,0
2879,2,1,0,1,0,1,1,0
2880,3,0,0,0,2,0,0,0
2881,2,0,0,0,0,0,0,0
2884,0,0,0,0,1,2,0,0
2886,2,0,0,0,1,3,0,0
2893,0,1,0,1,0,0,0,0
2894,3,2,1,1,0,0,0,0
2896,0,2,0,0,0,0,0,0
2897,0,4,0,1,0,0,0,0
2898,0,0,0,0,6,0,1,0
2902,0,0,0,0,0,0,5,0
2903,0,0,0,0,3,0,0,0
2904,2,0,0,0,1,21,12,3
2905,0,0,0,0,1,0,1,0
2906,0,0,0,0,0,0,1,0
2907,0,0,0,0,0,0,1,0
2908,15,9,0,1,0,0,2,0
2909,0,1,0,1,1,1,0,0
2913,2,0,0,0,0,1,1,0
2916,1,3,0,0,0,2,2,0
2917,0,0,0,0,0,1,0,0
2918,0,0,0,0,0,1,0,0
2919,0,0,0,0,0,1,0,0
2920,1,3,0,1,0,3,6,0
2921,0,1,2,0,1,2,0,1
2923,3,0,0,0,0,0,0,0
2930,1,0,0,0,0,0,0,0
2931,0,0,0,0,1,0,0,0
2932,0,2,2,1,1,0,1,1
2933,0,0,0,0,1,0,0,0
2934,7,10,6,3,0,1,0,0
2935,0,1,1,0,1,0,0,0
2937,2,2,1,1,1,0,2,0
2938,0,0,0,0,7,0,0,9
2939,0,0,0,0,1,0,0,4
2940,0,0,0,0,0,0,0,1
2941,0,0,0,0,0,0,0,1
2947,0,0,0,0,0,1,0,0
2948,1,0,0,0,0,0,0,0
2952,0,0,0,0,0,0,1,8
2956,1,1,0,0,0,0,0,0
2957,0,0,0,0,0,1,0,0
2962,0,0,0,0,0,0,3,0
2963,0,0,0,0,0,2,1,0
2964,0,0,0,0,0,0,1,0
2968,3,0,0,0,0,0,0,0
2971,1,0,0,0,0,0,0,0
2972,1,0,0,0,1,1,1,0
2973,1,0,0,0,0,0,0,0
2974,8,0,0,0,0,0,0,0
2975,1,0,0,0,0,0,0,0
2976,0,0,1,0,0,1,1,0
2977,0,0,0,0,0,0,1,0
2978,4,1,3,0,10,10,2,6
2979,2,1,1,0,0,0,0,0
2982,0,0,0,0,0,1,0,0
2983,0,2,0,0,0,8,1,1
2985,0,1,1,0,0,0,1,0
2988,0,0,0,0,0,1,0,0
2989,0,0,0,0,1,2,0,0
2990,0,0,0,0,0,1,1,0
2991,2,0,0,0,0,0,0,0
2995,1,1,1,0,0,0,0,0
2999,1,0,0,0,1,9,4,0
3001,3,0,0,0,0,0,0,0
3002,1,0,0,0,0,0,0,0
3003,0,0,0,0,0,1,0,0
3004,0,0,0,0,0,1,0,0
3005,0,0,0,0,0,1,1,0
3009,0,1,0,0,0,1,0,0
3010,0,0,0,0,0,0,0,1
3012,0,0,0,0,0,1,3,0
3017,8,21,2,7,1,7,7,0
3018,0,1,0,1,0,1,0,0
3020,0,0,0,0,0,0,1,0
3024,0,0,0,0,1,1,3,1
3025,0,0,0,0,0,0,1,0
3026,0,0,0,0,0,0,1,0
3027,15,8,1,0,0,1,1,0
3028,0,0,0,0,2,0,0,1
3030,1,0,0,0,0,0,0,0
3031,1,0,1,0,0,0,0,0
3032,1,0,0,0,0,0,0,0
3034,1,5,1,0,0,0,0,0
3035,1,2,0,0,0,0,0,0
3036,0,2,0,0,0,0,0,0
3037,1,3,3,0,1,0,0,0
3051,1,1,0,4,0,0,0,0
3052,0,0,0,2,0,0,0,0
3063,1,0,0,0,0,0,0,0
3075,2,0,0,0,0,0,0,0
3076,1,1,0,0,0,0,0,0
3077,1,0,0,0,0,0,0,0
3078,3,1,4,2,0,1,0,0
3080,2,0,0,0,0,0,0,0
3090,0,0,0,0,0,0,1,0
3091,0,0,2,0,3,10,2,3
3098,0,0,0,0,2,0,0,1
3099,0,0,0,0,1,0,0,0
3100,0,0,0,0,1,0,0,0
3101,0,0,0,0,0,1,0,0
3102,0,0,0,0,0,7,2,0
3103,0,0,0,0,0,9,7,0
3105,0,0,0,0,4,0,0,1
3107,0,0,0,0,0,2,0,0
3112,0,0,0,0,0,2,3,0
3113,1,0,0,0,0,1,1,0
3114,0,0,0,0,0,0,1,0
3115,0,0,0,0,0,0,1,0
3118,0,0,0,0,0,0,1,0
3119,0,1,1,2,5,0,3,0
3120,0,0,0,0,0,0,1,0
3121,0,0,0,0,0,0,1,0
3122,0,1,0,2,0,0,1,0
3123,1,0,0,1,0,0,0,0
3128,1,0,0,0,0,0,0,1
3129,3,0,0,0,0,0,0,0
3135,0,0,2,0,0,3,4,0
3136,0,0,0,0,0,1,1,0
3138,0,0,1,0,0,0,0,0
3139,0,0,0,0,0,2,4,0
3140,0,0,0,0,1,5,6,0
3141,0,0,0,0,0,6,6,0
3142,0,0,0,0,0,2,3,0
3148,0,0,0,0,7,0,0,0
3149,0,0,1,0,0,0,0,0
3150,0,0,1,0,0,0,0,0
3151,0,0,2,0,0,0,0,1
3152,0,0,3,0,0,0,0,0
3160,0,0,0,2,0,0,0,0
3161,0,0,0,2,0,0,0,0
3162,0,0,0,1,0,0,0,0
3165,3,1,0,0,1,0,3,0
3166,12,9,4,5,1,7,5,0
3167,2,1,1,0,1,4,4,0
3169,5,7,6,4,0,0,0,0
3170,3,0,2,0,0,0,0,0
3172,0,0,0,0,0,1,0,0
3173,0,0,1,0,0,0,0,0
3177,0,1,0,0,0,0,0,0
3182,0,0,0,0,1,1,4,2
3183,0,0,0,0,0,2,0,0
3184,0,0,0,0,0,3,1,0
3191,0,1,0,1,1,1,0,0
3192,2,0,1,1,2,3,0,0
3194,2,0,0,0,0,0,0,0
3195,1,0,0,0,0,0,0,0
3196,1,0,0,0,0,0,0,0
3197,1,0,0,0,0,0,0,0
3199,0,0,1,0,0,1,0,0
3200,0,0,0,0,0,1,0,0
3201,0,0,0,0,0,1,1,0
3202,0,0,0,0,0,0,1,0
3203,0,0,1,0,7,0,0,1
3204,0,0,0,0,3,0,0,0
3205,5,1,2,0,0,0,0,0
3208,0,0,0,0,0,1,1,0
3209,0,0,0,0,0,12,5,1
3210,0,0,0,0,0,1,1,0
3211,6,5,0,0,1,1,1,0
3212,0,0,0,0,12,0,1,2
3215,0,0,2,0,0,1,0,1
3216,0,0,0,0,0,1,0,0
3217,0,0,0,0,0,1,0,0
3218,0,0,0,0,0,1,0,0
3219,0,0,1,0,0,3,4,1
3242,1,0,0,0,0,0,0,0
3243,3,2,0,0,0,0,0,0
3244,1,1,0,0,0,0,0,0
3247,1,0,0,0,0,0,0,0
3248,3,0,1,0,2,0,1,0
3249,1,0,0,0,0,0,1,0
3250,0,0,0,0,0,1,3,0
3251,0,0,0,0,0,0,1,0
3252,0,0,0,0,0,0,1,0
3253,0,0,0,0,0,0,3,0
3255,0,0,0,0,0,3,1,0
3256,0,0,0,0,0,1,0,0
3257,0,0,0,0,1,2,5,2
3258,0,0,0,0,1,1,3,0
3259,0,0,0,0,0,0,1,0
3264,0,1,0,0,0,2,0,0
3265,0,1,0,0,0,1,0,0
3266,1,2,0,0,1,0,0,0
3269,0,1,0,0,0,0,0,0
3270,2,0,0,0,0,0,0,0
3272,0,1,0,0,0,0,0,0
3278,0,0,0,0,0,1,2,0
3279,0,0,0,0,0,1,1,0
3283,0,0,0,0,0,1,0,0
3284,0,0,0,0,0,2,0,0
3289,0,0,0,0,0,0,1,0
3290,0,0,0,0,0,0,1,0
3291,0,0,0,0,0,0,1,0
3292,0,0,0,0,0,6,3,0
3293,4,11,0,2,0,1,3,0
3294,2,1,0,0,0,0,0,0
3295,1,2,0,0,0,0,0,0
3296,1,1,0,0,0,0,0,0
3297,5,1,0,0,1,0,0,0
3298,6,1,0,0,2,1,1,0
3299,4,3,0,0,4,0,0,1
3300,0,0,0,1,0,0,0,0
3301,0,0,0,1,0,0,1,0
3307,0,0,0,0,0,1,0,0
3311,0,0,0,0,0,1,1,0
3312,0,0,0,0,0,2,0,0
3313,0,0,0,0,0,6,6,1
3314,1,2,2,0,10,8,2,2
3315,0,3,0,0,2,0,0,0
3316,0,0,0,0,0,22,12,0
3318,0,0,0,0,0,1,0,1
3320,0,0,0,1,0,0,0,0
3321,1,0,0,2,0,0,0,0
3328,0,0,0,0,0,4,0,0
3329,0,0,0,0,0,2,0,0
3336,0,0,1,0,0,0,0,0
3337,0,0,3,0,0,0,0,0
3338,0,1,11,0,10,1,0,0
3342,1,0,0,0,0,0,0,0
3345,0,0,0,0,1,0,2,2
3346,0,0,1,0,0,4,2,0
3347,0,0,0,0,1,0,3,1
3348,2,0,0,0,0,0,0,0
3349,0,0,1,0,1,0,2,1
3351,0,3,0,1,0,0,0,0
3353,2,0,0,0,0,0,0,0
3355,0,0,0,0,0,0,1,0
3356,0,0,0,0,0,0,2,0
3357,0,1,0,1,0,7,1,0
3359,6,1,1,1,0,0,0,0
3360,2,0,1,1,0,0,0,0
3361,1,0,0,0,0,0,0,0
3362,0,0,0,0,0,1,0,2
3363,0,0,0,0,0,2,1,1
3364,0,1,0,0,0,0,0,0
3365,0,1,0,0,0,0,0,0
3367,2,1,0,0,0,0,0,0
3368,1,0,0,0,0,0,0,0
3369,0,0,0,0,0,3,0,3
3370,0,0,0,0,0,6,3,0
3371,0,0,0,0,0,0,1,0
3372,0,0,0,0,15,0,0,0
3374,0,0,0,0,0,1,0,0
3376,0,0,0,2,0,0,0,0
3377,0,0,0,1,0,4,0,0
3381,3,2,3,1,2,1,0,0
3384,0,0,1,0,1,2,0,0
3385,5,0,0,0,1,1,0,0
3386,2,1,0,0,1,0,0,0
3387,3,0,0,0,4,0,1,0
3389,0,1,0,0,0,0,0,0
3394,1,0,0,0,0,1,0,0
3395,0,0,0,0,0,2,0,0
3398,0,0,1,0,4,0,0,0
3400,1,0,0,2,0,0,0,0
3402,2,0,1,0,0,0,0,0
3403,3,1,4,0,2,0,0,1
3405,0,0,0,0,0,2,0,0
3406,1,0,0,0,0,0,1,0
3407,0,0,0,0,0,2,0,0
3408,1,1,3,0,2,9,4,0
3412,1,1,0,0,0,1,0,1
3413,0,1,0,0,0,0,0,0
3416,0,0,1,0,0,0,0,0
3417,0,0,1,0,0,0,0,0
3418,0,0,8,2,2,1,1,0
3424,7,1,1,1,6,0,2,0
3425,1,0,0,0,0,1,1,0
3426,0,0,0,0,0,8,8,0
3427,0,0,1,0,0,0,0,0
3429,0,0,0,0,0,3,4,0
3434,0,2,0,1,1,0,0,0
3438,0,0,0,0,0,0,0,1
3439,0,0,0,0,0,0,2,0
3440,0,0,0,0,0,0,0,1
3441,0,0,2,0,1,2,1,4
3442,1,0,2,0,1,0,1,1
3443,0,1,2,0,0,0,0,0
3444,1,0,0,0,0,0,0,0
3452,2,1,0,0,0,0,0,0
3453,2,0,0,0,0,0,0,0
3454,1,1,0,0,0,0,0,0
3455,0,0,0,0,0,1,0,0
3456,0,0,0,0,0,1,0,0
3457,0,0,0,0,2,1,0,0
3458,2,3,3,4,0,2,4,0
3459,1,3,1,1,0,0,1,0
3462,0,0,1,0,0,0,0,0
3463,0,2,0,0,0,0,0,0
3464,0,1,0,1,0,2,0,0
3465,0,1,0,2,0,1,0,0
3469,12,0,1,0,23,4,4,9
3472,0,0,0,0,0,1,0,0
3485,0,0,0,0,0,0,1,0
3488,4,0,2,0,0,0,0,0
3501,1,0,0,0,0,0,0,0
3505,3,3,0,0,0,0,0,0
3506,1,1,0,0,0,0,0,0
3507,1,0,0,0,0,0,0,0
3508,1,0,0,0,0,0,0,0
3509,1,0,0,1,0,9,2,0
3510,1,0,0,1,0,6,2,0
3511,1,0,0,3,0,4,0,0
3512,0,0,0,0,0,1,0,0
3513,1,0,0,0,5,7,2,0
3514,0,0,0,0,0,1,0,0
3516,1,0,0,0,0,0,0,0
3518,1,0,0,0,0,0,0,0
3519,0,0,1,0,1,3,0,1
3523,0,0,0,0,1,0,1,0
3524,0,0,0,0,1,11,7,0
3525,0,0,0,0,0,0,1,0
3526,0,0,0,0,0,4,7,6
3527,0,0,0,0,0,1,0,0
3529,0,0,0,0,0,1,1,0
3530,0,0,0,0,0,2,0,0
3531,0,0,0,0,0,1,0,0
3532,0,0,0,0,0,3,5,0
3538,0,2,1,1,3,1,0,0
3539,0,0,1,0,0,0,0,0
3540,0,0,0,0,0,1,0,0
3543,0,2,2,1,0,0,0,0
3551,0,1,0,0,1,0,1,0
3552,0,0,0,0,1,0,1,0
3553,0,0,4,1,0,0,0,0
3554,2,3,0,3,0,0,0,0
3555,0,0,0,1,0,0,0,0
3556,0,2,0,0,1,1,4,1
3557,0,0,0,0,0,0,1,0
3558,0,0,0,0,0,1,0,0
3560,0,0,0,0,0,0,0,2
3568,0,0,0,0,6,1,0,1
3569,1,0,0,0,10,0,1,6
3570,0,0,0,0,8,0,1,3
3575,0,1,3,0,0,0,0,0
3579,0,0,0,0,9,7,4,2
3589,0,0,0,0,0,1,4,0
3592,0,0,0,1,0,0,0,0
3593,1,4,0,12,0,0,0,0
3594,0,0,0,0,1,0,0,0
3597,1,3,5,0,0,7,2,3
3598,0,0,0,0,0,3,2,0
3610,0,0,0,0,0,1,0,0
3611,0,0,0,0,0,0,0,1
3612,0,0,0,0,0,0,0,2
3613,0,0,0,0,0,0,0,1
3614,0,0,0,0,0,0,0,1
3616,1,0,0,0,0,0,0,0
3625,1,0,0,0,0,0,0,1
3626,0,0,0,1,1,0,0,1
3627,3,1,0,0,7,1,0,2
3628,0,0,0,0,1,2,1,1
3635,6,4,0,0,0,2,1,0
3637,0,1,0,0,0,0,0,0
3638,0,0,1,0,0,0,0,0
3641,0,3,2,1,2,2,1,0
3651,0,0,0,1,0,0,0,0
3652,2,4,7,5,0,0,0,0
3653,4,1,3,8,0,0,1,1
3655,0,0,0,1,0,0,0,0
3656,0,0,0,0,0,0,1,0
3663,1,1,5,0,0,0,0,0
3665,1,0,0,0,0,0,0,0
3666,2,0,1,0,1,0,1,0
3667,1,0,0,0,0,0,0,0
3668,1,0,0,0,0,0,0,0
3669,0,0,0,0,1,7,3,0
3675,2,0,0,0,0,0,0,0
3679,0,0,0,0,0,1,1,0
3680,0,0,0,0,1,0,0,0
3681,1,0,3,0,2,3,6,1
3682,0,0,0,0,24,5,6,3
3683,0,0,1,0,0,0,0,0
3688,1,0,0,2,0,0,0,0
3689,0,0,0,3,0,0,0,0
3690,0,0,1,5,0,0,0,0
3691,0,3,0,0,0,2,0,0
3696,0,0,0,0,0,1,0,0
3698,0,0,3,0,6,4,5,0
3699,1,0,0,0,0,0,0,0
3701,0,0,1,0,0,0,0,0
3702,1,0,2,0,0,0,0,0
3703,1,1,1,0,0,0,0,0
3708,1,0,0,0,1,0,0,0
3716,0,1,1,0,1,3,2,1
3717,0,1,0,0,0,0,0,0
3723,1,2,0,0,0,1,3,0
3732,0,0,0,0,0,4,0,0
3733,0,0,0,0,0,8,0,0
3734,1,0,0,0,0,0,0,0
3736,1,0,1,0,0,0,0,0
3737,0,0,1,0,0,0,0,0
3740,0,0,0,1,0,1,0,0
3741,0,0,0,0,0,1,0,0
3742,0,0,0,0,0,1,1,0
3743,0,0,0,0,0,1,2,0
3744,0,0,0,0,1,6,7,0
3745,0,2,0,0,0,0,0,0
3746,0,2,1,0,0,0,0,0
3748,0,0,0,0,1,2,0,0
3749,0,0,0,0,0,6,0,0
3750,0,0,1,0,3,9,4,1
3751,1,6,0,2,2,7,1,1
3756,1,8,1,2,0,4,4,0
3759,1,1,0,0,0,0,0,0
3760,0,1,1,1,0,0,2,0
3761,0,1,0,0,0,0,0,0
3762,8,5,1,4,1,0,2,0
3764,0,0,0,0,3,1,0,0
3765,0,0,0,0,1,0,0,0
3766,0,0,0,0,1,0,0,0
3767,0,0,0,0,1,2,0,0
3768,0,0,0,0,0,2,1,0
3769,0,0,0,0,4,2,0,0
3770,1,0,0,0,0,0,0,0
3776,0,0,0,0,0,2,3,2
3779,0,1,0,0,0,1,0,0
3780,0,6,2,0,0,0,1,0
3781,0,1,0,0,0,0,0,0
3782,0,0,1,0,0,0,1,0
3787,0,1,0,1,0,0,0,0
3793,0,1,0,2,0,0,0,0
3794,1,0,0,0,0,0,1,0
3796,1,1,0,0,0,0,0,0
3797,1,0,0,0,0,0,0,0
3808,3,0,0,0,1,1,1,0
3815,0,0,0,0,0,5,2,0
3816,0,0,1,0,2,1,0,0
3817,0,0,0,0,0,5,0,0
3818,0,0,0,0,0,3,0,0
3819,0,0,0,0,0,1,0,0
3820,0,0,0,0,0,1,0,0
3821,1,0,0,0,0,0,0,0
3826,4,0,0,0,5,2,2,0
3827,1,0,0,1,0,0,1,0
3828,0,0,0,0,0,0,1,0
3829,0,0,0,0,0,0,4,0
3830,0,0,0,0,0,0,0,8
3831,1,0,3,0,2,2,2,2
3837,0,0,1,0,0,3,0,1
3838,0,0,0,0,0,1,0,1
3839,0,1,0,0,1,0,0,0
3840,1,0,0,0,0,1,0,0
3841,0,0,0,0,0,1,0,0
3843,6,0,0,0,9,2,4,5
3850,0,0,0,0,0,1,0,0
3852,0,0,1,0,0,3,2,2
3853,0,0,1,2,0,2,1,0
3854,0,0,1,0,0,1,0,0
3855,0,0,0,0,0,1,0,0
3856,0,0,0,0,1,0,0,0
3857,0,0,0,0,0,3,0,0
3858,0,0,2,0,0,0,0,5
3859,0,0,0,0,0,1,2,0
3860,0,0,0,0,7,7,6,5
3862,0,0,1,0,5,1,2,0
3863,1,5,1,0,1,5,4,2
3866,1,0,0,0,0,0,0,0
3868,1,1,0,0,0,0,0,0
3870,0,0,0,0,6,1,0,2
3871,0,0,1,0,0,0,0,0
3872,0,0,0,0,7,0,0,7
3873,1,0,0,0,0,3,0,0
3874,1,0,0,0,0,1,0,0
3875,1,0,0,0,0,0,0,0
3876,1,0,0,0,0,1,2,0
3877,0,0,0,0,0,1,0,0
3881,0,0,0,0,5,3,0,8
3882,0,1,0,0,1,0,0,0
3883,0,0,0,0,0,0,1,0
3884,0,1,0,0,0,0,3,0
3885,2,0,0,0,0,9,1,0
3887,1,1,0,0,2,0,0,0
3888,0,0,0,0,1,11,11,1
3889,1,1,0,1,0,0,0,0
3899,0,0,0,0,0,4,0,0
3902,1,0,2,0,2,0,1,0
3903,0,0,1,0,0,0,0,0
3904,2,0,3,0,0,0,0,0
3905,0,0,0,0,1,0,0,0
3906,0,0,0,0,0,1,0,0
3908,0,0,0,1,0,0,1,0
3912,0,0,2,0,1,0,0,0
3913,0,0,0,0,1,0,0,0
3914,0,0,0,0,0,0,1,0
3915,0,0,0,0,0,0,1,0
3916,0,2,0,0,0,0,1,0
3917,1,1,0,1,0,0,1,0
3920,0,0,0,0,0,0,1,1
3921,0,0,0,0,0,0,1,0
3922,0,0,0,0,0,1,1,0
3923,0,0,0,0,0,0,1,0
3931,0,1,1,0,0,0,0,0
3932,0,1,0,0,0,0,0,0
3933,0,1,0,0,0,0,0,0
3934,4,2,4,0,7,11,7,2
3937,0,0,0,0,0,3,0,1
3938,0,0,0,0,9,1,2,1
3939,0,0,0,0,0,1,0,1
3940,1,0,0,0,0,0,0,0
3941,12,9,6,2,0,0,1,0
3942,1,0,0,0,0,1,1,0
3943,0,0,0,0,0,1,6,0
3944,0,0,0,0,0,0,1,0
3946,0,2,5,0,1,2,0,0
3947,0,1,0,0,0,0,0,0
3948,0,1,0,0,0,0,0,0
3950,0,0,0,0,7,0,0,0
3951,0,0,0,0,1,0,0,0
3952,0,0,0,0,1,0,0,0
3953,0,0,0,0,1,1,0,0
3954,0,0,0,0,1,0,0,0
3957,1,2,0,0,1,2,0,0
3964,4,0,0,0,2,0,0,1
3971,5,3,0,0,0,0,0,0
3972,0,0,0,0,0,2,3,0
3973,0,3,1,0,0,2,0,0
3974,0,0,0,0,0,1,0,0
3975,0,0,0,0,0,1,0,0
3977,0,0,0,0,1,1,3,0
3978,0,0,0,0,0,1,4,0
3989,0,0,0,0,0,0,1,0
3990,0,0,0,0,0,0,2,0
3993,0,0,0,5,0,1,0,0
3994,0,1,0,17,0,0,0,0
3999,0,0,1,0,0,0,0,0
4000,0,0,2,0,0,0,0,0
4001,1,0,2,0,0,0,0,0
4002,2,0,0,0,1,1,2,0
4008,0,0,0,1,0,0,0,0
4012,0,1,1,0,0,0,0,0
4013,0,1,0,0,0,0,0,0
4015,1,1,2,0,0,0,0,0
4016,1,1,2,0,0,0,0,0
4017,0,1,0,0,0,0,0,0
4018,1,2,1,0,0,0,0,0
4020,1,0,0,0,0,0,0,0
4022,0,1,0,0,0,1,0,0
4024,0,1,0,1,0,3,1,0
4026,0,0,0,0,0,1,0,0
4034,1,2,0,0,0,0,0,0
4038,1,0,0,0,0,1,0,0
4039,0,0,0,0,0,1,0,0
4044,0,0,0,1,0,0,0,0
4048,4,0,0,0,0,2,0,0
4049,2,0,0,0,0,0,0,0
4056,0,0,1,0,0,1,0,0
4057,0,0,1,1,0,1,0,0
4062,0,0,0,0,0,2,7,0
4069,0,0,0,0,0,1,1,1
4070,0,0,0,0,1,0,0,1
4072,0,0,1,0,0,0,0,0
4073,0,0,2,0,1,1,0,0
4081,0,0,0,1,0,1,0,0
4082,0,0,0,1,0,0,0,0
4083,0,0,0,1,0,0,0,0
4084,6,2,6,0,9,9,13,0
4086,2,0,1,0,0,0,1,0
4087,1,0,0,0,0,0,1,0
4089,3,0,0,0,0,0,0,0
4100,4,2,0,1,0,2,1,0
4101,0,0,0,0,0,0,1,0
4102,4,0,0,0,0,1,1,0
4104,0,2,0,0,0,2,0,0
4105,0,2,0,2,0,3,2,0
4106,0,0,0,0,5,2,1,0
4110,0,0,0,0,0,0,1,0
4111,0,2,0,0,0,1,1,0
4112,0,0,0,0,0,0,1,0
4119,0,0,0,0,1,0,4,0
4121,1,2,0,0,0,0,0,0
4123,0,1,0,0,1,0,0,0
4124,0,0,0,0,1,1,0,0
4125,0,1,0,0,1,0,0,0
4126,0,0,0,1,0,0,0,0
4127,0,4,0,1,0,0,0,0
4128,0,4,0,1,0,0,0,0
4129,0,0,0,4,0,0,0,0
4130,0,0,0,1,0,0,0,0
4131,0,0,0,1,0,0,0,0
4132,0,0,0,1,0,0,0,0
4135,0,0,0,0,0,1,0,0
4151,1,0,3,0,0,0,0,0
4152,1,2,5,2,0,0,0,0
4153,1,0,2,0,0,0,1,0
4155,0,0,0,0,0,0,1,0
4165,15,6,2,0,0,1,1,0
4166,0,1,0,0,0,0,0,0
4170,0,0,1,0,0,0,0,0
4176,0,2,0,0,0,1,0,0
4177,0,1,0,0,0,0,0,0
4178,0,0,0,0,0,3,4,0
4181,1,0,0,0,0,0,0,0
4187,0,1,0,0,0,0,0,1
4188,0,1,1,0,0,0,0,0
4189,0,1,0,0,0,0,0,0
4200,1,0,0,0,0,0,0,0
4202,0,0,2,1,0,0,0,1
4203,0,0,1,0,0,0,0,1
4206,0,1,0,0,0,1,1,0
4211,1,0,0,3,0,0,0,0
4218,0,0,0,0,3,0,0,0
4219,0,0,0,0,1,0,0,0
4220,0,0,0,0,1,0,0,0
4223,4,2,1,4,0,0,0,0
4224,0,0,0,0,1,0,0,0
4227,1,1,0,0,0,0,0,0
4228,2,1,0,0,0,0,0,0
4230,1,0,0,0,0,0,0,0
4231,3,0,0,0,2,0,0,0
4232,0,0,1,0,1,5,1,1
4235,0,2,0,0,0,0,0,1
4236,0,2,2,0,0,0,0,0
4237,1,0,0,0,0,0,0,0
4238,1,1,0,0,0,0,0,0
4239,1,1,0,3,0,0,0,0
4242,0,0,0,1,0,0,0,1
4243,0,0,0,0,0,0,0,1
4244,1,0,0,0,0,0,0,1
4247,0,0,0,1,0,0,0,0
4248,0,2,0,4,0,0,0,0
4249,0,0,0,2,0,0,0,0
4258,0,0,0,0,0,0,1,0
4262,1,1,0,0,0,1,0,0
4263,0,0,0,0,0,0,1,0
4264,0,0,0,0,0,2,3,0
4274,0,0,1,0,0,0,0,0
4275,0,0,1,0,0,0,0,0
4281,2,1,0,0,0,1,0,3
4282,0,1,0,0,0,0,0,0
4283,0,1,0,0,0,0,0,0
4284,2,0,0,0,0,0,0,0
4285,1,0,0,0,0,0,0,0
4286,1,0,0,0,0,0,0,0
4287,1,0,0,0,0,0,0,0
4288,1,0,0,0,0,0,0,0
4289,1,0,0,0,0,3,1,0
4294,0,0,0,0,0,1,1,0
4295,0,0,0,0,0,4,5,0
4296,0,0,0,0,0,1,0,0
4297,0,1,0,0,0,0,0,1
4298,0,0,0,0,0,0,0,1
4299,0,0,1,0,3,1,0,1
4300,3,1,7,0,3,0,1,0
4305,0,0,0,0,1,1,0,0
4306,0,0,3,0,1,0,0,0
4307,0,0,3,0,2,0,1,0
4308,3,0,0,0,0,10,7,0
4309,3,0,0,0,0,0,0,2
4310,1,0,0,0,1,0,0,0
4315,0,0,0,0,0,0,0,1
4322,1,1,0,0,0,2,0,0
4323,0,1,0,0,0,0,0,0
4324,0,0,0,1,0,0,0,0
4325,0,0,0,3,0,2,1,0
4326,0,0,0,1,0,0,0,0
4330,0,0,0,0,0,1,0,0
4336,0,0,0,0,0,0,1,0
4339,2,1,1,0,0,3,0,1
4340,3,0,0,0,10,2,1,7
4342,0,0,0,0,2,1,0,0
4343,0,1,0,0,0,4,1,0
4345,0,0,0,0,0,0,1,1
4348,0,1,0,1,0,0,0,2
4349,0,0,3,0,5,1,7,0
4350,1,1,0,0,0,0,0,0
4352,0,0,1,0,0,0,0,0
4353,0,0,2,0,3,0,0,0
4354,1,0,0,0,0,0,0,0
4357,0,0,0,0,0,0,1,11
4361,0,0,0,0,0,3,4,0
4363,0,1,0,0,0,0,0,0
